meeting_key,session_key,location,date_start,date_end,session_type,session_name,country_key,country_code,country_name,circuit_key,circuit_short_name,gmt_offset,year
1140,9222,Sakhir,2023-02-23T07:00:00+00:00,2023-02-23T16:30:00+00:00,Practice,Practice 1,36,BRN,Bahrain,63,Sakhir,03:00:00,2023
1140,7763,Sakhir,2023-02-24T07:00:00+00:00,2023-02-24T16:30:00+00:00,Practice,Practice 2,36,BRN,Bahrain,63,Sakhir,03:00:00,2023
1140,7764,Sakhir,2023-02-25T07:00:00+00:00,2023-02-25T16:30:00+00:00,Practice,Practice 3,36,BRN,Bahrain,63,Sakhir,03:00:00,2023
1141,7765,Sakhir,2023-03-03T11:30:00+00:00,2023-03-03T12:30:00+00:00,Practice,Practice 1,36,BRN,Bahrain,63,Sakhir,03:00:00,2023
1141,7766,Sakhir,2023-03-03T15:00:00+00:00,2023-03-03T16:00:00+00:00,Practice,Practice 2,36,BRN,Bahrain,63,Sakhir,03:00:00,2023
1141,7767,Sakhir,2023-03-04T11:30:00+00:00,2023-03-04T12:30:00+00:00,Practice,Practice 3,36,BRN,Bahrain,63,Sakhir,03:00:00,2023
1141,7768,Sakhir,2023-03-04T15:00:00+00:00,2023-03-04T16:00:00+00:00,Qualifying,Qualifying,36,BRN,Bahrain,63,Sakhir,03:00:00,2023
1141,7953,Sakhir,2023-03-05T15:00:00+00:00,2023-03-05T17:00:00+00:00,Race,Race,36,BRN,Bahrain,63,Sakhir,03:00:00,2023
1142,7772,Jeddah,2023-03-17T13:30:00+00:00,2023-03-17T14:30:00+00:00,Practice,Practice 1,153,KSA,Saudi Arabia,149,Jeddah,03:00:00,2023
1142,7773,Jeddah,2023-03-17T17:00:00+00:00,2023-03-17T18:00:00+00:00,Practice,Practice 2,153,KSA,Saudi Arabia,149,Jeddah,03:00:00,2023
1142,7774,Jeddah,2023-03-18T13:30:00+00:00,2023-03-18T14:30:00+00:00,Practice,Practice 3,153,KSA,Saudi Arabia,149,Jeddah,03:00:00,2023
1142,7775,Jeddah,2023-03-18T17:00:00+00:00,2023-03-18T18:00:00+00:00,Qualifying,Qualifying,153,KSA,Saudi Arabia,149,Jeddah,03:00:00,2023
1142,7779,Jeddah,2023-03-19T17:00:00+00:00,2023-03-19T19:00:00+00:00,Race,Race,153,KSA,Saudi Arabia,149,Jeddah,03:00:00,2023
1143,7780,Melbourne,2023-03-31T01:30:00+00:00,2023-03-31T02:30:00+00:00,Practice,Practice 1,5,AUS,Australia,10,Melbourne,11:00:00,2023
1143,7781,Melbourne,2023-03-31T05:00:00+00:00,2023-03-31T06:00:00+00:00,Practice,Practice 2,5,AUS,Australia,10,Melbourne,11:00:00,2023
1143,7782,Melbourne,2023-04-01T01:30:00+00:00,2023-04-01T02:30:00+00:00,Practice,Practice 3,5,AUS,Australia,10,Melbourne,11:00:00,2023
1143,7783,Melbourne,2023-04-01T05:00:00+00:00,2023-04-01T06:00:00+00:00,Qualifying,Qualifying,5,AUS,Australia,10,Melbourne,11:00:00,2023
1143,7787,Melbourne,2023-04-02T05:00:00+00:00,2023-04-02T07:00:00+00:00,Race,Race,5,AUS,Australia,10,Melbourne,10:00:00,2023
1207,9063,Baku,2023-04-28T09:30:00+00:00,2023-04-28T10:30:00+00:00,Practice,Practice 1,30,AZE,Azerbaijan,144,Baku,04:00:00,2023
1207,9064,Baku,2023-04-28T13:00:00+00:00,2023-04-28T14:00:00+00:00,Qualifying,Qualifying,30,AZE,Azerbaijan,144,Baku,04:00:00,2023
1207,9278,Baku,2023-04-29T08:30:00+00:00,2023-04-29T09:14:00+00:00,Qualifying,Sprint Shootout,30,AZE,Azerbaijan,144,Baku,04:00:00,2023
1207,9069,Baku,2023-04-29T13:30:00+00:00,2023-04-29T14:00:00+00:00,Race,Sprint,30,AZE,Azerbaijan,144,Baku,04:00:00,2023
1207,9070,Baku,2023-04-30T11:00:00+00:00,2023-04-30T13:00:00+00:00,Race,Race,30,AZE,Azerbaijan,144,Baku,04:00:00,2023
1208,9071,Miami,2023-05-05T18:00:00+00:00,2023-05-05T19:00:00+00:00,Practice,Practice 1,19,USA,United States,151,Miami,-04:00:00,2023
1208,9072,Miami,2023-05-05T21:30:00+00:00,2023-05-05T22:30:00+00:00,Practice,Practice 2,19,USA,United States,151,Miami,-04:00:00,2023
1208,9073,Miami,2023-05-06T16:30:00+00:00,2023-05-06T17:30:00+00:00,Practice,Practice 3,19,USA,United States,151,Miami,-04:00:00,2023
1208,9074,Miami,2023-05-06T20:00:00+00:00,2023-05-06T21:00:00+00:00,Qualifying,Qualifying,19,USA,United States,151,Miami,-04:00:00,2023
1208,9078,Miami,2023-05-07T19:30:00+00:00,2023-05-07T21:30:00+00:00,Race,Race,19,USA,United States,151,Miami,-04:00:00,2023
1210,9087,Monaco,2023-05-26T11:30:00+00:00,2023-05-26T12:30:00+00:00,Practice,Practice 1,114,MON,Monaco,22,Monte Carlo,02:00:00,2023
1210,9088,Monaco,2023-05-26T15:00:00+00:00,2023-05-26T16:00:00+00:00,Practice,Practice 2,114,MON,Monaco,22,Monte Carlo,02:00:00,2023
1210,9089,Monaco,2023-05-27T10:30:00+00:00,2023-05-27T11:30:00+00:00,Practice,Practice 3,114,MON,Monaco,22,Monte Carlo,02:00:00,2023
1210,9090,Monaco,2023-05-27T14:00:00+00:00,2023-05-27T15:00:00+00:00,Qualifying,Qualifying,114,MON,Monaco,22,Monte Carlo,02:00:00,2023
1210,9094,Monaco,2023-05-28T13:00:00+00:00,2023-05-28T15:00:00+00:00,Race,Race,114,MON,Monaco,22,Monte Carlo,02:00:00,2023
1211,9095,Barcelona,2023-06-02T11:30:00+00:00,2023-06-02T12:30:00+00:00,Practice,Practice 1,1,ESP,Spain,15,Catalunya,02:00:00,2023
1211,9096,Barcelona,2023-06-02T15:00:00+00:00,2023-06-02T16:00:00+00:00,Practice,Practice 2,1,ESP,Spain,15,Catalunya,02:00:00,2023
1211,9097,Barcelona,2023-06-03T10:30:00+00:00,2023-06-03T11:30:00+00:00,Practice,Practice 3,1,ESP,Spain,15,Catalunya,02:00:00,2023
1211,9098,Barcelona,2023-06-03T14:00:00+00:00,2023-06-03T15:00:00+00:00,Qualifying,Qualifying,1,ESP,Spain,15,Catalunya,02:00:00,2023
1211,9102,Barcelona,2023-06-04T13:00:00+00:00,2023-06-04T15:00:00+00:00,Race,Race,1,ESP,Spain,15,Catalunya,02:00:00,2023
1212,9103,Montréal,2023-06-16T17:30:00+00:00,2023-06-16T18:30:00+00:00,Practice,Practice 1,46,CAN,Canada,23,Montreal,-04:00:00,2023
1212,9104,Montréal,2023-06-16T20:30:00+00:00,2023-06-16T22:00:00+00:00,Practice,Practice 2,46,CAN,Canada,23,Montreal,-04:00:00,2023
1212,9105,Montréal,2023-06-17T16:30:00+00:00,2023-06-17T17:30:00+00:00,Practice,Practice 3,46,CAN,Canada,23,Montreal,-04:00:00,2023
1212,9106,Montréal,2023-06-17T20:00:00+00:00,2023-06-17T21:00:00+00:00,Qualifying,Qualifying,46,CAN,Canada,23,Montreal,-04:00:00,2023
1212,9110,Montréal,2023-06-18T18:00:00+00:00,2023-06-18T20:00:00+00:00,Race,Race,46,CAN,Canada,23,Montreal,-04:00:00,2023
1213,9111,Spielberg,2023-06-30T11:30:00+00:00,2023-06-30T12:30:00+00:00,Practice,Practice 1,17,AUT,Austria,19,Spielberg,02:00:00,2023
1213,9112,Spielberg,2023-06-30T15:00:00+00:00,2023-06-30T16:00:00+00:00,Qualifying,Qualifying,17,AUT,Austria,19,Spielberg,02:00:00,2023
1213,9282,Spielberg,2023-07-01T10:00:00+00:00,2023-07-01T10:44:00+00:00,Qualifying,Sprint Shootout,17,AUT,Austria,19,Spielberg,02:00:00,2023
1213,9117,Spielberg,2023-07-01T14:30:00+00:00,2023-07-01T15:00:00+00:00,Race,Sprint,17,AUT,Austria,19,Spielberg,02:00:00,2023
1213,9118,Spielberg,2023-07-02T13:00:00+00:00,2023-07-02T15:00:00+00:00,Race,Race,17,AUT,Austria,19,Spielberg,02:00:00,2023
1214,9119,Silverstone,2023-07-07T11:30:00+00:00,2023-07-07T12:30:00+00:00,Practice,Practice 1,2,GBR,Great Britain,2,Silverstone,01:00:00,2023
1214,9120,Silverstone,2023-07-07T15:00:00+00:00,2023-07-07T16:00:00+00:00,Practice,Practice 2,2,GBR,Great Britain,2,Silverstone,01:00:00,2023
1214,9121,Silverstone,2023-07-08T10:30:00+00:00,2023-07-08T11:30:00+00:00,Practice,Practice 3,2,GBR,Great Britain,2,Silverstone,01:00:00,2023
1214,9122,Silverstone,2023-07-08T14:00:00+00:00,2023-07-08T15:00:00+00:00,Qualifying,Qualifying,2,GBR,Great Britain,2,Silverstone,01:00:00,2023
1214,9126,Silverstone,2023-07-09T14:00:00+00:00,2023-07-09T16:00:00+00:00,Race,Race,2,GBR,Great Britain,2,Silverstone,01:00:00,2023
1215,9223,Budapest,2023-07-21T11:30:00+00:00,2023-07-21T12:30:00+00:00,Practice,Practice 1,14,HUN,Hungary,4,Hungaroring,02:00:00,2023
1215,9127,Budapest,2023-07-21T15:00:00+00:00,2023-07-21T16:00:00+00:00,Practice,Practice 2,14,HUN,Hungary,4,Hungaroring,02:00:00,2023
1215,9128,Budapest,2023-07-22T10:30:00+00:00,2023-07-22T11:30:00+00:00,Practice,Practice 3,14,HUN,Hungary,4,Hungaroring,02:00:00,2023
1215,9129,Budapest,2023-07-22T14:00:00+00:00,2023-07-22T15:00:00+00:00,Qualifying,Qualifying,14,HUN,Hungary,4,Hungaroring,02:00:00,2023
1215,9133,Budapest,2023-07-23T13:00:00+00:00,2023-07-23T15:00:00+00:00,Race,Race,14,HUN,Hungary,4,Hungaroring,02:00:00,2023
1216,9134,Spa-Francorchamps,2023-07-28T11:30:00+00:00,2023-07-28T12:30:00+00:00,Practice,Practice 1,16,BEL,Belgium,7,Spa-Francorchamps,02:00:00,2023
1216,9135,Spa-Francorchamps,2023-07-28T15:00:00+00:00,2023-07-28T16:00:00+00:00,Qualifying,Qualifying,16,BEL,Belgium,7,Spa-Francorchamps,02:00:00,2023
1216,9286,Spa-Francorchamps,2023-07-29T10:00:00+00:00,2023-07-29T10:44:00+00:00,Qualifying,Sprint Shootout,16,BEL,Belgium,7,Spa-Francorchamps,02:00:00,2023
1216,9140,Spa-Francorchamps,2023-07-29T15:05:00+00:00,2023-07-29T15:35:00+00:00,Race,Sprint,16,BEL,Belgium,7,Spa-Francorchamps,02:00:00,2023
1216,9141,Spa-Francorchamps,2023-07-30T13:00:00+00:00,2023-07-30T15:00:00+00:00,Race,Race,16,BEL,Belgium,7,Spa-Francorchamps,02:00:00,2023
1217,9142,Zandvoort,2023-08-25T10:30:00+00:00,2023-08-25T11:30:00+00:00,Practice,Practice 1,133,NED,Netherlands,55,Zandvoort,02:00:00,2023
1217,9143,Zandvoort,2023-08-25T14:00:00+00:00,2023-08-25T15:00:00+00:00,Practice,Practice 2,133,NED,Netherlands,55,Zandvoort,02:00:00,2023
1217,9144,Zandvoort,2023-08-26T09:30:00+00:00,2023-08-26T10:30:00+00:00,Practice,Practice 3,133,NED,Netherlands,55,Zandvoort,02:00:00,2023
1217,9145,Zandvoort,2023-08-26T13:00:00+00:00,2023-08-26T14:00:00+00:00,Qualifying,Qualifying,133,NED,Netherlands,55,Zandvoort,02:00:00,2023
1217,9149,Zandvoort,2023-08-27T13:00:00+00:00,2023-08-27T15:00:00+00:00,Race,Race,133,NED,Netherlands,55,Zandvoort,02:00:00,2023
1218,9150,Monza,2023-09-01T11:30:00+00:00,2023-09-01T12:30:00+00:00,Practice,Practice 1,13,ITA,Italy,39,Monza,02:00:00,2023
1218,9151,Monza,2023-09-01T15:00:00+00:00,2023-09-01T16:00:00+00:00,Practice,Practice 2,13,ITA,Italy,39,Monza,02:00:00,2023
1218,9152,Monza,2023-09-02T10:30:00+00:00,2023-09-02T11:30:00+00:00,Practice,Practice 3,13,ITA,Italy,39,Monza,02:00:00,2023
1218,9153,Monza,2023-09-02T14:00:00+00:00,2023-09-02T15:00:00+00:00,Qualifying,Qualifying,13,ITA,Italy,39,Monza,02:00:00,2023
1218,9157,Monza,2023-09-03T13:00:00+00:00,2023-09-03T15:00:00+00:00,Race,Race,13,ITA,Italy,39,Monza,02:00:00,2023
1219,9158,Marina Bay,2023-09-15T09:30:00+00:00,2023-09-15T10:30:00+00:00,Practice,Practice 1,157,SGP,Singapore,61,Singapore,08:00:00,2023
1219,9159,Marina Bay,2023-09-15T13:00:00+00:00,2023-09-15T14:00:00+00:00,Practice,Practice 2,157,SGP,Singapore,61,Singapore,08:00:00,2023
1219,9160,Marina Bay,2023-09-16T09:30:00+00:00,2023-09-16T10:30:00+00:00,Practice,Practice 3,157,SGP,Singapore,61,Singapore,08:00:00,2023
1219,9161,Marina Bay,2023-09-16T13:00:00+00:00,2023-09-16T14:00:00+00:00,Qualifying,Qualifying,157,SGP,Singapore,61,Singapore,08:00:00,2023
1219,9165,Marina Bay,2023-09-17T12:00:00+00:00,2023-09-17T14:00:00+00:00,Race,Race,157,SGP,Singapore,61,Singapore,08:00:00,2023
1220,9166,Suzuka,2023-09-22T02:30:00+00:00,2023-09-22T03:30:00+00:00,Practice,Practice 1,4,JPN,Japan,46,Suzuka,09:00:00,2023
1220,9167,Suzuka,2023-09-22T06:00:00+00:00,2023-09-22T07:00:00+00:00,Practice,Practice 2,4,JPN,Japan,46,Suzuka,09:00:00,2023
1220,9168,Suzuka,2023-09-23T02:30:00+00:00,2023-09-23T03:30:00+00:00,Practice,Practice 3,4,JPN,Japan,46,Suzuka,09:00:00,2023
1220,9169,Suzuka,2023-09-23T06:00:00+00:00,2023-09-23T07:00:00+00:00,Qualifying,Qualifying,4,JPN,Japan,46,Suzuka,09:00:00,2023
1220,9173,Suzuka,2023-09-24T05:00:00+00:00,2023-09-24T07:00:00+00:00,Race,Race,4,JPN,Japan,46,Suzuka,09:00:00,2023
1221,9214,Lusail,2023-10-06T13:30:00+00:00,2023-10-06T14:30:00+00:00,Practice,Practice 1,149,QAT,Qatar,150,Lusail,03:00:00,2023
1221,9215,Lusail,2023-10-06T17:00:00+00:00,2023-10-06T18:00:00+00:00,Qualifying,Qualifying,149,QAT,Qatar,150,Lusail,03:00:00,2023
1221,9298,Lusail,2023-10-07T13:20:00+00:00,2023-10-07T14:04:00+00:00,Qualifying,Sprint Shootout,149,QAT,Qatar,150,Lusail,03:00:00,2023
1221,9220,Lusail,2023-10-07T17:30:00+00:00,2023-10-07T18:30:00+00:00,Race,Sprint,149,QAT,Qatar,150,Lusail,03:00:00,2023
1221,9221,Lusail,2023-10-08T17:00:00+00:00,2023-10-08T19:00:00+00:00,Race,Race,149,QAT,Qatar,150,Lusail,03:00:00,2023
1222,9206,Austin,2023-10-20T17:30:00+00:00,2023-10-20T18:30:00+00:00,Practice,Practice 1,19,USA,United States,9,Austin,-05:00:00,2023
1222,9207,Austin,2023-10-20T21:00:00+00:00,2023-10-20T22:00:00+00:00,Qualifying,Qualifying,19,USA,United States,9,Austin,-05:00:00,2023
1222,9294,Austin,2023-10-21T17:30:00+00:00,2023-10-21T18:14:00+00:00,Qualifying,Sprint Shootout,19,USA,United States,9,Austin,-05:00:00,2023
1222,9212,Austin,2023-10-21T22:00:00+00:00,2023-10-21T23:00:00+00:00,Race,Sprint,19,USA,United States,9,Austin,-05:00:00,2023
1222,9213,Austin,2023-10-22T19:00:00+00:00,2023-10-22T21:00:00+00:00,Race,Race,19,USA,United States,9,Austin,-05:00:00,2023
1223,9174,Mexico City,2023-10-27T18:30:00+00:00,2023-10-27T19:30:00+00:00,Practice,Practice 1,8,MEX,Mexico,65,Mexico City,-06:00:00,2023
1223,9175,Mexico City,2023-10-27T22:00:00+00:00,2023-10-27T23:00:00+00:00,Practice,Practice 2,8,MEX,Mexico,65,Mexico City,-06:00:00,2023
1223,9176,Mexico City,2023-10-28T17:30:00+00:00,2023-10-28T18:30:00+00:00,Practice,Practice 3,8,MEX,Mexico,65,Mexico City,-06:00:00,2023
1223,9177,Mexico City,2023-10-28T21:00:00+00:00,2023-10-28T22:00:00+00:00,Qualifying,Qualifying,8,MEX,Mexico,65,Mexico City,-06:00:00,2023
1223,9181,Mexico City,2023-10-29T20:00:00+00:00,2023-10-29T22:00:00+00:00,Race,Race,8,MEX,Mexico,65,Mexico City,-06:00:00,2023
1224,9198,São Paulo,2023-11-03T14:30:00+00:00,2023-11-03T15:30:00+00:00,Practice,Practice 1,10,BRA,Brazil,14,Interlagos,-03:00:00,2023
1224,9304,São Paulo,2023-11-03T18:00:00+00:00,2023-11-03T19:00:00+00:00,Qualifying,Qualifying,10,BRA,Brazil,14,Interlagos,-03:00:00,2023
1224,9308,São Paulo,2023-11-04T14:00:00+00:00,2023-11-04T14:44:00+00:00,Qualifying,Sprint Shootout,10,BRA,Brazil,14,Interlagos,-03:00:00,2023
1224,9204,São Paulo,2023-11-04T18:30:00+00:00,2023-11-04T19:00:00+00:00,Race,Sprint,10,BRA,Brazil,14,Interlagos,-03:00:00,2023
1224,9205,São Paulo,2023-11-05T17:00:00+00:00,2023-11-05T19:00:00+00:00,Race,Race,10,BRA,Brazil,14,Interlagos,-03:00:00,2023
1225,9182,Las Vegas,2023-11-17T04:30:00+00:00,2023-11-17T05:30:00+00:00,Practice,Practice 1,19,USA,United States,152,Las Vegas,-08:00:00,2023
1225,9183,Las Vegas,2023-11-17T10:00:00+00:00,2023-11-17T11:30:00+00:00,Practice,Practice 2,19,USA,United States,152,Las Vegas,-08:00:00,2023
1225,9184,Las Vegas,2023-11-18T04:30:00+00:00,2023-11-18T05:30:00+00:00,Practice,Practice 3,19,USA,United States,152,Las Vegas,-08:00:00,2023
1225,9314,Las Vegas,2023-11-18T08:00:00+00:00,2023-11-18T09:00:00+00:00,Qualifying,Qualifying,19,USA,United States,152,Las Vegas,-08:00:00,2023
1225,9189,Las Vegas,2023-11-19T06:00:00+00:00,2023-11-19T08:00:00+00:00,Race,Race,19,USA,United States,152,Las Vegas,-08:00:00,2023
1226,9190,Yas Island,2023-11-24T09:30:00+00:00,2023-11-24T10:30:00+00:00,Practice,Practice 1,21,UAE,United Arab Emirates,70,Yas Marina Circuit,04:00:00,2023
1226,9191,Yas Island,2023-11-24T13:00:00+00:00,2023-11-24T14:00:00+00:00,Practice,Practice 2,21,UAE,United Arab Emirates,70,Yas Marina Circuit,04:00:00,2023
1226,9192,Yas Island,2023-11-25T10:30:00+00:00,2023-11-25T11:30:00+00:00,Practice,Practice 3,21,UAE,United Arab Emirates,70,Yas Marina Circuit,04:00:00,2023
1226,9193,Yas Island,2023-11-25T14:00:00+00:00,2023-11-25T15:00:00+00:00,Qualifying,Qualifying,21,UAE,United Arab Emirates,70,Yas Marina Circuit,04:00:00,2023
1226,9197,Yas Island,2023-11-26T13:00:00+00:00,2023-11-26T15:00:00+00:00,Race,Race,21,UAE,United Arab Emirates,70,Yas Marina Circuit,04:00:00,2023
1228,9462,Sakhir,2024-02-21T07:00:00+00:00,2024-02-21T16:00:00+00:00,Practice,Practice 1,36,BRN,Bahrain,63,Sakhir,03:00:00,2024
1228,9463,Sakhir,2024-02-22T07:00:00+00:00,2024-02-22T16:00:00+00:00,Practice,Practice 2,36,BRN,Bahrain,63,Sakhir,03:00:00,2024
1228,9464,Sakhir,2024-02-23T07:00:00+00:00,2024-02-23T16:00:00+00:00,Practice,Practice 3,36,BRN,Bahrain,63,Sakhir,03:00:00,2024
1229,9465,Sakhir,2024-02-29T11:30:00+00:00,2024-02-29T12:30:00+00:00,Practice,Practice 1,36,BRN,Bahrain,63,Sakhir,03:00:00,2024
1229,9466,Sakhir,2024-02-29T15:00:00+00:00,2024-02-29T16:00:00+00:00,Practice,Practice 2,36,BRN,Bahrain,63,Sakhir,03:00:00,2024
1229,9467,Sakhir,2024-03-01T12:30:00+00:00,2024-03-01T13:30:00+00:00,Practice,Practice 3,36,BRN,Bahrain,63,Sakhir,03:00:00,2024
1229,9468,Sakhir,2024-03-01T16:00:00+00:00,2024-03-01T17:00:00+00:00,Qualifying,Qualifying,36,BRN,Bahrain,63,Sakhir,03:00:00,2024
1229,9472,Sakhir,2024-03-02T15:00:00+00:00,2024-03-02T17:00:00+00:00,Race,Race,36,BRN,Bahrain,63,Sakhir,03:00:00,2024
1230,9473,Jeddah,2024-03-07T13:30:00+00:00,2024-03-07T14:30:00+00:00,Practice,Practice 1,153,KSA,Saudi Arabia,149,Jeddah,03:00:00,2024
1230,9474,Jeddah,2024-03-07T17:00:00+00:00,2024-03-07T18:00:00+00:00,Practice,Practice 2,153,KSA,Saudi Arabia,149,Jeddah,03:00:00,2024
1230,9475,Jeddah,2024-03-08T13:30:00+00:00,2024-03-08T14:30:00+00:00,Practice,Practice 3,153,KSA,Saudi Arabia,149,Jeddah,03:00:00,2024
1230,9476,Jeddah,2024-03-08T17:00:00+00:00,2024-03-08T18:00:00+00:00,Qualifying,Qualifying,153,KSA,Saudi Arabia,149,Jeddah,03:00:00,2024
1230,9480,Jeddah,2024-03-09T17:00:00+00:00,2024-03-09T19:00:00+00:00,Race,Race,153,KSA,Saudi Arabia,149,Jeddah,03:00:00,2024
1231,9481,Melbourne,2024-03-22T01:30:00+00:00,2024-03-22T02:30:00+00:00,Practice,Practice 1,5,AUS,Australia,10,Melbourne,11:00:00,2024
1231,9482,Melbourne,2024-03-22T05:00:00+00:00,2024-03-22T06:00:00+00:00,Practice,Practice 2,5,AUS,Australia,10,Melbourne,11:00:00,2024
1231,9483,Melbourne,2024-03-23T01:30:00+00:00,2024-03-23T02:30:00+00:00,Practice,Practice 3,5,AUS,Australia,10,Melbourne,11:00:00,2024
1231,9484,Melbourne,2024-03-23T05:00:00+00:00,2024-03-23T06:00:00+00:00,Qualifying,Qualifying,5,AUS,Australia,10,Melbourne,11:00:00,2024
1231,9488,Melbourne,2024-03-24T04:00:00+00:00,2024-03-24T06:00:00+00:00,Race,Race,5,AUS,Australia,10,Melbourne,11:00:00,2024
1232,9489,Suzuka,2024-04-05T02:30:00+00:00,2024-04-05T03:30:00+00:00,Practice,Practice 1,4,JPN,Japan,46,Suzuka,09:00:00,2024
1232,9490,Suzuka,2024-04-05T06:00:00+00:00,2024-04-05T07:00:00+00:00,Practice,Practice 2,4,JPN,Japan,46,Suzuka,09:00:00,2024
1232,9491,Suzuka,2024-04-06T02:30:00+00:00,2024-04-06T03:30:00+00:00,Practice,Practice 3,4,JPN,Japan,46,Suzuka,09:00:00,2024
1232,9492,Suzuka,2024-04-06T06:00:00+00:00,2024-04-06T07:00:00+00:00,Qualifying,Qualifying,4,JPN,Japan,46,Suzuka,09:00:00,2024
1232,9496,Suzuka,2024-04-07T05:00:00+00:00,2024-04-07T07:00:00+00:00,Race,Race,4,JPN,Japan,46,Suzuka,09:00:00,2024
1233,9663,Shanghai,2024-04-19T03:30:00+00:00,2024-04-19T04:30:00+00:00,Practice,Practice 1,53,CHN,China,49,Shanghai,08:00:00,2024
1233,9668,Shanghai,2024-04-19T07:30:00+00:00,2024-04-19T08:14:00+00:00,Qualifying,Sprint Qualifying,53,CHN,China,49,Shanghai,08:00:00,2024
1233,9672,Shanghai,2024-04-20T03:00:00+00:00,2024-04-20T03:30:00+00:00,Race,Sprint,53,CHN,China,49,Shanghai,08:00:00,2024
1233,9664,Shanghai,2024-04-20T07:00:00+00:00,2024-04-20T08:00:00+00:00,Qualifying,Qualifying,53,CHN,China,49,Shanghai,08:00:00,2024
1233,9673,Shanghai,2024-04-21T07:00:00+00:00,2024-04-21T09:00:00+00:00,Race,Race,53,CHN,China,49,Shanghai,08:00:00,2024
1234,9497,Miami,2024-05-03T16:30:00+00:00,2024-05-03T17:30:00+00:00,Practice,Practice 1,19,USA,United States,151,Miami,-04:00:00,2024
1234,9502,Miami,2024-05-03T20:30:00+00:00,2024-05-03T21:14:00+00:00,Qualifying,Sprint Qualifying,19,USA,United States,151,Miami,-04:00:00,2024
1234,9506,Miami,2024-05-04T16:00:00+00:00,2024-05-04T16:30:00+00:00,Race,Sprint,19,USA,United States,151,Miami,-04:00:00,2024
1234,9498,Miami,2024-05-04T20:00:00+00:00,2024-05-04T21:00:00+00:00,Qualifying,Qualifying,19,USA,United States,151,Miami,-04:00:00,2024
1234,9507,Miami,2024-05-05T20:00:00+00:00,2024-05-05T22:00:00+00:00,Race,Race,19,USA,United States,151,Miami,-04:00:00,2024
1235,9508,Imola,2024-05-17T11:30:00+00:00,2024-05-17T12:30:00+00:00,Practice,Practice 1,13,ITA,Italy,6,Imola,02:00:00,2024
1235,9509,Imola,2024-05-17T15:00:00+00:00,2024-05-17T16:00:00+00:00,Practice,Practice 2,13,ITA,Italy,6,Imola,02:00:00,2024
1235,9510,Imola,2024-05-18T10:30:00+00:00,2024-05-18T11:30:00+00:00,Practice,Practice 3,13,ITA,Italy,6,Imola,02:00:00,2024
1235,9511,Imola,2024-05-18T14:00:00+00:00,2024-05-18T15:00:00+00:00,Qualifying,Qualifying,13,ITA,Italy,6,Imola,02:00:00,2024
1235,9515,Imola,2024-05-19T13:00:00+00:00,2024-05-19T15:00:00+00:00,Race,Race,13,ITA,Italy,6,Imola,02:00:00,2024
1236,9516,Monaco,2024-05-24T11:30:00+00:00,2024-05-24T12:30:00+00:00,Practice,Practice 1,114,MON,Monaco,22,Monte Carlo,02:00:00,2024
1236,9517,Monaco,2024-05-24T15:00:00+00:00,2024-05-24T16:00:00+00:00,Practice,Practice 2,114,MON,Monaco,22,Monte Carlo,02:00:00,2024
1236,9518,Monaco,2024-05-25T10:30:00+00:00,2024-05-25T11:30:00+00:00,Practice,Practice 3,114,MON,Monaco,22,Monte Carlo,02:00:00,2024
1236,9519,Monaco,2024-05-25T14:00:00+00:00,2024-05-25T15:00:00+00:00,Qualifying,Qualifying,114,MON,Monaco,22,Monte Carlo,02:00:00,2024
1236,9523,Monaco,2024-05-26T13:00:00+00:00,2024-05-26T15:00:00+00:00,Race,Race,114,MON,Monaco,22,Monte Carlo,02:00:00,2024
1237,9524,Montréal,2024-06-07T17:30:00+00:00,2024-06-07T18:30:00+00:00,Practice,Practice 1,46,CAN,Canada,23,Montreal,-04:00:00,2024
1237,9525,Montréal,2024-06-07T21:00:00+00:00,2024-06-07T22:00:00+00:00,Practice,Practice 2,46,CAN,Canada,23,Montreal,-04:00:00,2024
1237,9526,Montréal,2024-06-08T16:30:00+00:00,2024-06-08T17:30:00+00:00,Practice,Practice 3,46,CAN,Canada,23,Montreal,-04:00:00,2024
1237,9527,Montréal,2024-06-08T20:00:00+00:00,2024-06-08T21:00:00+00:00,Qualifying,Qualifying,46,CAN,Canada,23,Montreal,-04:00:00,2024
1237,9531,Montréal,2024-06-09T18:00:00+00:00,2024-06-09T20:00:00+00:00,Race,Race,46,CAN,Canada,23,Montreal,-04:00:00,2024
1238,9532,Barcelona,2024-06-21T11:30:00+00:00,2024-06-21T12:30:00+00:00,Practice,Practice 1,1,ESP,Spain,15,Catalunya,02:00:00,2024
1238,9533,Barcelona,2024-06-21T15:00:00+00:00,2024-06-21T16:00:00+00:00,Practice,Practice 2,1,ESP,Spain,15,Catalunya,02:00:00,2024
1238,9534,Barcelona,2024-06-22T10:30:00+00:00,2024-06-22T11:30:00+00:00,Practice,Practice 3,1,ESP,Spain,15,Catalunya,02:00:00,2024
1238,9535,Barcelona,2024-06-22T14:00:00+00:00,2024-06-22T15:00:00+00:00,Qualifying,Qualifying,1,ESP,Spain,15,Catalunya,02:00:00,2024
1238,9539,Barcelona,2024-06-23T13:00:00+00:00,2024-06-23T15:00:00+00:00,Race,Race,1,ESP,Spain,15,Catalunya,02:00:00,2024
1239,9540,Spielberg,2024-06-28T10:30:00+00:00,2024-06-28T11:30:00+00:00,Practice,Practice 1,17,AUT,Austria,19,Spielberg,02:00:00,2024
1239,9545,Spielberg,2024-06-28T14:30:00+00:00,2024-06-28T15:14:00+00:00,Qualifying,Sprint Qualifying,17,AUT,Austria,19,Spielberg,02:00:00,2024
1239,9549,Spielberg,2024-06-29T10:00:00+00:00,2024-06-29T10:30:00+00:00,Race,Sprint,17,AUT,Austria,19,Spielberg,02:00:00,2024
1239,9541,Spielberg,2024-06-29T14:00:00+00:00,2024-06-29T15:00:00+00:00,Qualifying,Qualifying,17,AUT,Austria,19,Spielberg,02:00:00,2024
1239,9550,Spielberg,2024-06-30T13:00:00+00:00,2024-06-30T15:00:00+00:00,Race,Race,17,AUT,Austria,19,Spielberg,02:00:00,2024
1240,9551,Silverstone,2024-07-05T11:30:00+00:00,2024-07-05T12:30:00+00:00,Practice,Practice 1,2,GBR,Great Britain,2,Silverstone,01:00:00,2024
1240,9552,Silverstone,2024-07-05T15:00:00+00:00,2024-07-05T16:00:00+00:00,Practice,Practice 2,2,GBR,Great Britain,2,Silverstone,01:00:00,2024
1240,9553,Silverstone,2024-07-06T10:30:00+00:00,2024-07-06T11:30:00+00:00,Practice,Practice 3,2,GBR,Great Britain,2,Silverstone,01:00:00,2024
1240,9554,Silverstone,2024-07-06T14:00:00+00:00,2024-07-06T15:00:00+00:00,Qualifying,Qualifying,2,GBR,Great Britain,2,Silverstone,01:00:00,2024
1240,9558,Silverstone,2024-07-07T14:00:00+00:00,2024-07-07T16:00:00+00:00,Race,Race,2,GBR,Great Britain,2,Silverstone,01:00:00,2024
1241,9559,Budapest,2024-07-19T11:30:00+00:00,2024-07-19T12:30:00+00:00,Practice,Practice 1,14,HUN,Hungary,4,Hungaroring,02:00:00,2024
1241,9560,Budapest,2024-07-19T15:00:00+00:00,2024-07-19T16:00:00+00:00,Practice,Practice 2,14,HUN,Hungary,4,Hungaroring,02:00:00,2024
1241,9561,Budapest,2024-07-20T10:30:00+00:00,2024-07-20T11:30:00+00:00,Practice,Practice 3,14,HUN,Hungary,4,Hungaroring,02:00:00,2024
1241,9562,Budapest,2024-07-20T14:00:00+00:00,2024-07-20T15:00:00+00:00,Qualifying,Qualifying,14,HUN,Hungary,4,Hungaroring,02:00:00,2024
1241,9566,Budapest,2024-07-21T13:00:00+00:00,2024-07-21T15:00:00+00:00,Race,Race,14,HUN,Hungary,4,Hungaroring,02:00:00,2024
1242,9567,Spa-Francorchamps,2024-07-26T11:30:00+00:00,2024-07-26T12:30:00+00:00,Practice,Practice 1,16,BEL,Belgium,7,Spa-Francorchamps,02:00:00,2024
1242,9568,Spa-Francorchamps,2024-07-26T15:00:00+00:00,2024-07-26T16:00:00+00:00,Practice,Practice 2,16,BEL,Belgium,7,Spa-Francorchamps,02:00:00,2024
1242,9569,Spa-Francorchamps,2024-07-27T10:30:00+00:00,2024-07-27T11:30:00+00:00,Practice,Practice 3,16,BEL,Belgium,7,Spa-Francorchamps,02:00:00,2024
1242,9570,Spa-Francorchamps,2024-07-27T14:00:00+00:00,2024-07-27T15:00:00+00:00,Qualifying,Qualifying,16,BEL,Belgium,7,Spa-Francorchamps,02:00:00,2024
1242,9574,Spa-Francorchamps,2024-07-28T13:00:00+00:00,2024-07-28T15:00:00+00:00,Race,Race,16,BEL,Belgium,7,Spa-Francorchamps,02:00:00,2024
1243,9575,Zandvoort,2024-08-23T10:30:00+00:00,2024-08-23T11:30:00+00:00,Practice,Practice 1,133,NED,Netherlands,55,Zandvoort,02:00:00,2024
1243,9576,Zandvoort,2024-08-23T14:00:00+00:00,2024-08-23T15:00:00+00:00,Practice,Practice 2,133,NED,Netherlands,55,Zandvoort,02:00:00,2024
1243,9577,Zandvoort,2024-08-24T09:30:00+00:00,2024-08-24T10:30:00+00:00,Practice,Practice 3,133,NED,Netherlands,55,Zandvoort,02:00:00,2024
1243,9578,Zandvoort,2024-08-24T13:00:00+00:00,2024-08-24T14:00:00+00:00,Qualifying,Qualifying,133,NED,Netherlands,55,Zandvoort,02:00:00,2024
1243,9582,Zandvoort,2024-08-25T13:00:00+00:00,2024-08-25T15:00:00+00:00,Race,Race,133,NED,Netherlands,55,Zandvoort,02:00:00,2024
1244,9583,Monza,2024-08-30T11:30:00+00:00,2024-08-30T12:30:00+00:00,Practice,Practice 1,13,ITA,Italy,39,Monza,02:00:00,2024
1244,9584,Monza,2024-08-30T15:00:00+00:00,2024-08-30T16:00:00+00:00,Practice,Practice 2,13,ITA,Italy,39,Monza,02:00:00,2024
1244,9585,Monza,2024-08-31T10:30:00+00:00,2024-08-31T11:30:00+00:00,Practice,Practice 3,13,ITA,Italy,39,Monza,02:00:00,2024
1244,9586,Monza,2024-08-31T14:00:00+00:00,2024-08-31T15:00:00+00:00,Qualifying,Qualifying,13,ITA,Italy,39,Monza,02:00:00,2024
1244,9590,Monza,2024-09-01T13:00:00+00:00,2024-09-01T15:00:00+00:00,Race,Race,13,ITA,Italy,39,Monza,02:00:00,2024
1245,9591,Baku,2024-09-13T09:30:00+00:00,2024-09-13T10:30:00+00:00,Practice,Practice 1,30,AZE,Azerbaijan,144,Baku,04:00:00,2024
1245,9592,Baku,2024-09-13T13:00:00+00:00,2024-09-13T14:00:00+00:00,Practice,Practice 2,30,AZE,Azerbaijan,144,Baku,04:00:00,2024
1245,9593,Baku,2024-09-14T08:30:00+00:00,2024-09-14T09:30:00+00:00,Practice,Practice 3,30,AZE,Azerbaijan,144,Baku,04:00:00,2024
1245,9594,Baku,2024-09-14T12:00:00+00:00,2024-09-14T13:00:00+00:00,Qualifying,Qualifying,30,AZE,Azerbaijan,144,Baku,04:00:00,2024
1245,9598,Baku,2024-09-15T11:00:00+00:00,2024-09-15T13:00:00+00:00,Race,Race,30,AZE,Azerbaijan,144,Baku,04:00:00,2024
1246,9599,Marina Bay,2024-09-20T09:30:00+00:00,2024-09-20T10:30:00+00:00,Practice,Practice 1,157,SGP,Singapore,61,Singapore,08:00:00,2024
1246,9600,Marina Bay,2024-09-20T13:00:00+00:00,2024-09-20T14:00:00+00:00,Practice,Practice 2,157,SGP,Singapore,61,Singapore,08:00:00,2024
1246,9601,Marina Bay,2024-09-21T09:30:00+00:00,2024-09-21T10:30:00+00:00,Practice,Practice 3,157,SGP,Singapore,61,Singapore,08:00:00,2024
1246,9602,Marina Bay,2024-09-21T13:00:00+00:00,2024-09-21T14:00:00+00:00,Qualifying,Qualifying,157,SGP,Singapore,61,Singapore,08:00:00,2024
1246,9606,Marina Bay,2024-09-22T12:00:00+00:00,2024-09-22T14:00:00+00:00,Race,Race,157,SGP,Singapore,61,Singapore,08:00:00,2024
1247,9607,Austin,2024-10-18T17:30:00+00:00,2024-10-18T18:30:00+00:00,Practice,Practice 1,19,USA,United States,9,Austin,-05:00:00,2024
1247,9612,Austin,2024-10-18T21:30:00+00:00,2024-10-18T22:14:00+00:00,Qualifying,Sprint Qualifying,19,USA,United States,9,Austin,-05:00:00,2024
1247,9616,Austin,2024-10-19T18:00:00+00:00,2024-10-19T19:00:00+00:00,Race,Sprint,19,USA,United States,9,Austin,-05:00:00,2024
1247,9608,Austin,2024-10-19T22:00:00+00:00,2024-10-19T23:00:00+00:00,Qualifying,Qualifying,19,USA,United States,9,Austin,-05:00:00,2024
1247,9617,Austin,2024-10-20T19:00:00+00:00,2024-10-20T21:00:00+00:00,Race,Race,19,USA,United States,9,Austin,-05:00:00,2024
1248,9618,Mexico City,2024-10-25T18:30:00+00:00,2024-10-25T19:30:00+00:00,Practice,Practice 1,8,MEX,Mexico,65,Mexico City,-06:00:00,2024
1248,9619,Mexico City,2024-10-25T22:00:00+00:00,2024-10-25T23:00:00+00:00,Practice,Practice 2,8,MEX,Mexico,65,Mexico City,-06:00:00,2024
1248,9620,Mexico City,2024-10-26T17:30:00+00:00,2024-10-26T18:30:00+00:00,Practice,Practice 3,8,MEX,Mexico,65,Mexico City,-06:00:00,2024
1248,9621,Mexico City,2024-10-26T21:00:00+00:00,2024-10-26T22:00:00+00:00,Qualifying,Qualifying,8,MEX,Mexico,65,Mexico City,-06:00:00,2024
1248,9625,Mexico City,2024-10-27T20:00:00+00:00,2024-10-27T22:00:00+00:00,Race,Race,8,MEX,Mexico,65,Mexico City,-06:00:00,2024
1249,9626,São Paulo,2024-11-01T14:30:00+00:00,2024-11-01T15:30:00+00:00,Practice,Practice 1,10,BRA,Brazil,14,Interlagos,-03:00:00,2024
1249,9631,São Paulo,2024-11-01T18:30:00+00:00,2024-11-01T19:14:00+00:00,Qualifying,Sprint Qualifying,10,BRA,Brazil,14,Interlagos,-03:00:00,2024
1249,9635,São Paulo,2024-11-02T14:00:00+00:00,2024-11-02T15:00:00+00:00,Race,Sprint,10,BRA,Brazil,14,Interlagos,-03:00:00,2024
1249,9627,São Paulo,2024-11-02T18:00:00+00:00,2024-11-02T19:00:00+00:00,Qualifying,Qualifying,10,BRA,Brazil,14,Interlagos,-03:00:00,2024
1249,9636,São Paulo,2024-11-03T15:30:00+00:00,2024-11-03T17:30:00+00:00,Race,Race,10,BRA,Brazil,14,Interlagos,-03:00:00,2024
1250,9637,Las Vegas,2024-11-22T02:30:00+00:00,2024-11-22T03:30:00+00:00,Practice,Practice 1,19,USA,United States,152,Las Vegas,-08:00:00,2024
1250,9638,Las Vegas,2024-11-22T06:00:00+00:00,2024-11-22T07:00:00+00:00,Practice,Practice 2,19,USA,United States,152,Las Vegas,-08:00:00,2024
1250,9639,Las Vegas,2024-11-23T02:30:00+00:00,2024-11-23T03:30:00+00:00,Practice,Practice 3,19,USA,United States,152,Las Vegas,-08:00:00,2024
1250,9640,Las Vegas,2024-11-23T06:00:00+00:00,2024-11-23T07:00:00+00:00,Qualifying,Qualifying,19,USA,United States,152,Las Vegas,-08:00:00,2024
1250,9644,Las Vegas,2024-11-24T06:00:00+00:00,2024-11-24T08:00:00+00:00,Race,Race,19,USA,United States,152,Las Vegas,-08:00:00,2024
1251,9645,Lusail,2024-11-29T13:30:00+00:00,2024-11-29T14:30:00+00:00,Practice,Practice 1,149,QAT,Qatar,150,Lusail,03:00:00,2024
1251,9650,Lusail,2024-11-29T17:30:00+00:00,2024-11-29T18:14:00+00:00,Qualifying,Sprint Qualifying,149,QAT,Qatar,150,Lusail,03:00:00,2024
1251,9654,Lusail,2024-11-30T14:00:00+00:00,2024-11-30T15:00:00+00:00,Race,Sprint,149,QAT,Qatar,150,Lusail,03:00:00,2024
1251,9646,Lusail,2024-11-30T18:00:00+00:00,2024-11-30T19:00:00+00:00,Qualifying,Qualifying,149,QAT,Qatar,150,Lusail,03:00:00,2024
1251,9655,Lusail,2024-12-01T16:00:00+00:00,2024-12-01T18:00:00+00:00,Race,Race,149,QAT,Qatar,150,Lusail,03:00:00,2024
1252,9461,Yas Island,2024-12-06T09:30:00+00:00,2024-12-06T10:30:00+00:00,Practice,Practice 1,21,UAE,United Arab Emirates,70,Yas Marina Circuit,04:00:00,2024
1252,9656,Yas Island,2024-12-06T13:00:00+00:00,2024-12-06T14:00:00+00:00,Practice,Practice 2,21,UAE,United Arab Emirates,70,Yas Marina Circuit,04:00:00,2024
1252,9657,Yas Island,2024-12-07T10:30:00+00:00,2024-12-07T11:30:00+00:00,Practice,Practice 3,21,UAE,United Arab Emirates,70,Yas Marina Circuit,04:00:00,2024
1252,9658,Yas Island,2024-12-07T14:00:00+00:00,2024-12-07T15:00:00+00:00,Qualifying,Qualifying,21,UAE,United Arab Emirates,70,Yas Marina Circuit,04:00:00,2024
1252,9662,Yas Island,2024-12-08T13:00:00+00:00,2024-12-08T15:00:00+00:00,Race,Race,21,UAE,United Arab Emirates,70,Yas Marina Circuit,04:00:00,2024
1253,9683,Sakhir,2025-02-26T07:00:00+00:00,2025-02-26T16:00:00+00:00,Practice,Day 1,36,BRN,Bahrain,63,Sakhir,03:00:00,2025
1253,9684,Sakhir,2025-02-27T07:00:00+00:00,2025-02-27T16:00:00+00:00,Practice,Day 2,36,BRN,Bahrain,63,Sakhir,03:00:00,2025
1253,9685,Sakhir,2025-02-28T07:00:00+00:00,2025-02-28T16:00:00+00:00,Practice,Day 3,36,BRN,Bahrain,63,Sakhir,03:00:00,2025
1254,9686,Melbourne,2025-03-14T01:30:00+00:00,2025-03-14T02:30:00+00:00,Practice,Practice 1,5,AUS,Australia,10,Melbourne,11:00:00,2025
1254,9687,Melbourne,2025-03-14T05:00:00+00:00,2025-03-14T06:00:00+00:00,Practice,Practice 2,5,AUS,Australia,10,Melbourne,11:00:00,2025
1254,9688,Melbourne,2025-03-15T01:30:00+00:00,2025-03-15T02:30:00+00:00,Practice,Practice 3,5,AUS,Australia,10,Melbourne,11:00:00,2025
1254,9689,Melbourne,2025-03-15T05:00:00+00:00,2025-03-15T06:00:00+00:00,Qualifying,Qualifying,5,AUS,Australia,10,Melbourne,11:00:00,2025
1254,9693,Melbourne,2025-03-16T04:00:00+00:00,2025-03-16T06:00:00+00:00,Race,Race,5,AUS,Australia,10,Melbourne,11:00:00,2025
1255,9988,Shanghai,2025-03-21T03:30:00+00:00,2025-03-21T04:30:00+00:00,Practice,Practice 1,53,CHN,China,49,Shanghai,08:00:00,2025
1255,9989,Shanghai,2025-03-21T07:30:00+00:00,2025-03-21T08:14:00+00:00,Qualifying,Sprint Qualifying,53,CHN,China,49,Shanghai,08:00:00,2025
1255,9993,Shanghai,2025-03-22T03:00:00+00:00,2025-03-22T04:00:00+00:00,Race,Sprint,53,CHN,China,49,Shanghai,08:00:00,2025
1255,9994,Shanghai,2025-03-22T07:00:00+00:00,2025-03-22T08:00:00+00:00,Qualifying,Qualifying,53,CHN,China,49,Shanghai,08:00:00,2025
1255,9998,Shanghai,2025-03-23T07:00:00+00:00,2025-03-23T09:00:00+00:00,Race,Race,53,CHN,China,49,Shanghai,08:00:00,2025
1256,9999,Suzuka,2025-04-04T02:30:00+00:00,2025-04-04T03:30:00+00:00,Practice,Practice 1,4,JPN,Japan,46,Suzuka,09:00:00,2025
1256,10000,Suzuka,2025-04-04T06:00:00+00:00,2025-04-04T07:00:00+00:00,Practice,Practice 2,4,JPN,Japan,46,Suzuka,09:00:00,2025
1256,10001,Suzuka,2025-04-05T02:30:00+00:00,2025-04-05T03:30:00+00:00,Practice,Practice 3,4,JPN,Japan,46,Suzuka,09:00:00,2025
1256,10002,Suzuka,2025-04-05T06:00:00+00:00,2025-04-05T07:00:00+00:00,Qualifying,Qualifying,4,JPN,Japan,46,Suzuka,09:00:00,2025
1256,10006,Suzuka,2025-04-06T05:00:00+00:00,2025-04-06T07:00:00+00:00,Race,Race,4,JPN,Japan,46,Suzuka,09:00:00,2025
1257,10007,Sakhir,2025-04-11T11:30:00+00:00,2025-04-11T12:30:00+00:00,Practice,Practice 1,36,BRN,Bahrain,63,Sakhir,03:00:00,2025
1257,10008,Sakhir,2025-04-11T15:00:00+00:00,2025-04-11T16:00:00+00:00,Practice,Practice 2,36,BRN,Bahrain,63,Sakhir,03:00:00,2025
1257,10009,Sakhir,2025-04-12T12:30:00+00:00,2025-04-12T13:30:00+00:00,Practice,Practice 3,36,BRN,Bahrain,63,Sakhir,03:00:00,2025
1257,10010,Sakhir,2025-04-12T16:00:00+00:00,2025-04-12T17:00:00+00:00,Qualifying,Qualifying,36,BRN,Bahrain,63,Sakhir,03:00:00,2025
1257,10014,Sakhir,2025-04-13T15:00:00+00:00,2025-04-13T17:00:00+00:00,Race,Race,36,BRN,Bahrain,63,Sakhir,03:00:00,2025
1258,10015,Jeddah,2025-04-18T13:30:00+00:00,2025-04-18T14:30:00+00:00,Practice,Practice 1,153,KSA,Saudi Arabia,149,Jeddah,03:00:00,2025
1258,10016,Jeddah,2025-04-18T17:00:00+00:00,2025-04-18T18:00:00+00:00,Practice,Practice 2,153,KSA,Saudi Arabia,149,Jeddah,03:00:00,2025
1258,10017,Jeddah,2025-04-19T13:30:00+00:00,2025-04-19T14:30:00+00:00,Practice,Practice 3,153,KSA,Saudi Arabia,149,Jeddah,03:00:00,2025
1258,10018,Jeddah,2025-04-19T17:00:00+00:00,2025-04-19T18:00:00+00:00,Qualifying,Qualifying,153,KSA,Saudi Arabia,149,Jeddah,03:00:00,2025
1258,10022,Jeddah,2025-04-20T17:00:00+00:00,2025-04-20T19:00:00+00:00,Race,Race,153,KSA,Saudi Arabia,149,Jeddah,03:00:00,2025
1259,10023,Miami,2025-05-02T16:30:00+00:00,2025-05-02T17:30:00+00:00,Practice,Practice 1,19,USA,United States,151,Miami,-04:00:00,2025
1259,10024,Miami,2025-05-02T20:30:00+00:00,2025-05-02T21:14:00+00:00,Qualifying,Sprint Qualifying,19,USA,United States,151,Miami,-04:00:00,2025
1259,10028,Miami,2025-05-03T16:00:00+00:00,2025-05-03T17:00:00+00:00,Race,Sprint,19,USA,United States,151,Miami,-04:00:00,2025
1259,10029,Miami,2025-05-03T20:00:00+00:00,2025-05-03T21:00:00+00:00,Qualifying,Qualifying,19,USA,United States,151,Miami,-04:00:00,2025
1259,10033,Miami,2025-05-04T20:00:00+00:00,2025-05-04T22:00:00+00:00,Race,Race,19,USA,United States,151,Miami,-04:00:00,2025
1260,9980,Imola,2025-05-16T11:30:00+00:00,2025-05-16T12:30:00+00:00,Practice,Practice 1,13,ITA,Italy,6,Imola,02:00:00,2025
1260,9981,Imola,2025-05-16T15:00:00+00:00,2025-05-16T16:00:00+00:00,Practice,Practice 2,13,ITA,Italy,6,Imola,02:00:00,2025
1260,9982,Imola,2025-05-17T10:30:00+00:00,2025-05-17T11:30:00+00:00,Practice,Practice 3,13,ITA,Italy,6,Imola,02:00:00,2025
1260,9983,Imola,2025-05-17T14:00:00+00:00,2025-05-17T15:00:00+00:00,Qualifying,Qualifying,13,ITA,Italy,6,Imola,02:00:00,2025
1260,9987,Imola,2025-05-18T13:00:00+00:00,2025-05-18T15:00:00+00:00,Race,Race,13,ITA,Italy,6,Imola,02:00:00,2025
1261,9972,Monaco,2025-05-23T11:30:00+00:00,2025-05-23T12:30:00+00:00,Practice,Practice 1,114,MON,Monaco,22,Monte Carlo,02:00:00,2025
1261,9973,Monaco,2025-05-23T15:00:00+00:00,2025-05-23T16:00:00+00:00,Practice,Practice 2,114,MON,Monaco,22,Monte Carlo,02:00:00,2025
1261,9974,Monaco,2025-05-24T10:30:00+00:00,2025-05-24T11:30:00+00:00,Practice,Practice 3,114,MON,Monaco,22,Monte Carlo,02:00:00,2025
1261,9975,Monaco,2025-05-24T14:00:00+00:00,2025-05-24T15:00:00+00:00,Qualifying,Qualifying,114,MON,Monaco,22,Monte Carlo,02:00:00,2025
1261,9979,Monaco,2025-05-25T13:00:00+00:00,2025-05-25T15:00:00+00:00,Race,Race,114,MON,Monaco,22,Monte Carlo,02:00:00,2025
1262,9964,Barcelona,2025-05-30T11:30:00+00:00,2025-05-30T12:30:00+00:00,Practice,Practice 1,1,ESP,Spain,15,Catalunya,02:00:00,2025
1262,9965,Barcelona,2025-05-30T15:00:00+00:00,2025-05-30T16:00:00+00:00,Practice,Practice 2,1,ESP,Spain,15,Catalunya,02:00:00,2025
1262,9966,Barcelona,2025-05-31T10:30:00+00:00,2025-05-31T11:30:00+00:00,Practice,Practice 3,1,ESP,Spain,15,Catalunya,02:00:00,2025
1262,9967,Barcelona,2025-05-31T14:00:00+00:00,2025-05-31T15:00:00+00:00,Qualifying,Qualifying,1,ESP,Spain,15,Catalunya,02:00:00,2025
1262,9971,Barcelona,2025-06-01T13:00:00+00:00,2025-06-01T15:00:00+00:00,Race,Race,1,ESP,Spain,15,Catalunya,02:00:00,2025
1263,9956,Montréal,2025-06-13T17:30:00+00:00,2025-06-13T18:30:00+00:00,Practice,Practice 1,46,CAN,Canada,23,Montreal,-04:00:00,2025
1263,9957,Montréal,2025-06-13T21:00:00+00:00,2025-06-13T22:00:00+00:00,Practice,Practice 2,46,CAN,Canada,23,Montreal,-04:00:00,2025
1263,9958,Montréal,2025-06-14T16:30:00+00:00,2025-06-14T17:30:00+00:00,Practice,Practice 3,46,CAN,Canada,23,Montreal,-04:00:00,2025
1263,9959,Montréal,2025-06-14T20:00:00+00:00,2025-06-14T21:00:00+00:00,Qualifying,Qualifying,46,CAN,Canada,23,Montreal,-04:00:00,2025
1263,9963,Montréal,2025-06-15T18:00:00+00:00,2025-06-15T20:00:00+00:00,Race,Race,46,CAN,Canada,23,Montreal,-04:00:00,2025
1264,9948,Spielberg,2025-06-27T11:30:00+00:00,2025-06-27T12:30:00+00:00,Practice,Practice 1,17,AUT,Austria,19,Spielberg,02:00:00,2025
1264,9949,Spielberg,2025-06-27T15:00:00+00:00,2025-06-27T16:00:00+00:00,Practice,Practice 2,17,AUT,Austria,19,Spielberg,02:00:00,2025
1264,9950,Spielberg,2025-06-28T10:30:00+00:00,2025-06-28T11:30:00+00:00,Practice,Practice 3,17,AUT,Austria,19,Spielberg,02:00:00,2025
1264,9951,Spielberg,2025-06-28T14:00:00+00:00,2025-06-28T15:00:00+00:00,Qualifying,Qualifying,17,AUT,Austria,19,Spielberg,02:00:00,2025
1264,9955,Spielberg,2025-06-29T13:00:00+00:00,2025-06-29T15:00:00+00:00,Race,Race,17,AUT,Austria,19,Spielberg,02:00:00,2025
1277,9940,Silverstone,2025-07-04T11:30:00+00:00,2025-07-04T12:30:00+00:00,Practice,Practice 1,2,GBR,United Kingdom,2,Silverstone,01:00:00,2025
1277,9941,Silverstone,2025-07-04T15:00:00+00:00,2025-07-04T16:00:00+00:00,Practice,Practice 2,2,GBR,United Kingdom,2,Silverstone,01:00:00,2025
1277,9942,Silverstone,2025-07-05T10:30:00+00:00,2025-07-05T11:30:00+00:00,Practice,Practice 3,2,GBR,United Kingdom,2,Silverstone,01:00:00,2025
1277,9943,Silverstone,2025-07-05T14:00:00+00:00,2025-07-05T15:00:00+00:00,Qualifying,Qualifying,2,GBR,United Kingdom,2,Silverstone,01:00:00,2025
1277,9947,Silverstone,2025-07-06T14:00:00+00:00,2025-07-06T16:00:00+00:00,Race,Race,2,GBR,United Kingdom,2,Silverstone,01:00:00,2025
1265,9929,Spa-Francorchamps,2025-07-25T10:30:00+00:00,2025-07-25T11:30:00+00:00,Practice,Practice 1,16,BEL,Belgium,7,Spa-Francorchamps,02:00:00,2025
1265,9930,Spa-Francorchamps,2025-07-25T14:30:00+00:00,2025-07-25T15:14:00+00:00,Qualifying,Sprint Qualifying,16,BEL,Belgium,7,Spa-Francorchamps,02:00:00,2025
1265,9934,Spa-Francorchamps,2025-07-26T10:00:00+00:00,2025-07-26T11:00:00+00:00,Race,Sprint,16,BEL,Belgium,7,Spa-Francorchamps,02:00:00,2025
1265,9935,Spa-Francorchamps,2025-07-26T14:00:00+00:00,2025-07-26T15:00:00+00:00,Qualifying,Qualifying,16,BEL,Belgium,7,Spa-Francorchamps,02:00:00,2025
1265,9939,Spa-Francorchamps,2025-07-27T13:00:00+00:00,2025-07-27T15:00:00+00:00,Race,Race,16,BEL,Belgium,7,Spa-Francorchamps,02:00:00,2025
1266,9921,Budapest,2025-08-01T11:30:00+00:00,2025-08-01T12:30:00+00:00,Practice,Practice 1,14,HUN,Hungary,4,Hungaroring,02:00:00,2025
1266,9922,Budapest,2025-08-01T15:00:00+00:00,2025-08-01T16:00:00+00:00,Practice,Practice 2,14,HUN,Hungary,4,Hungaroring,02:00:00,2025
1266,9923,Budapest,2025-08-02T10:30:00+00:00,2025-08-02T11:30:00+00:00,Practice,Practice 3,14,HUN,Hungary,4,Hungaroring,02:00:00,2025
1266,9924,Budapest,2025-08-02T14:00:00+00:00,2025-08-02T15:00:00+00:00,Qualifying,Qualifying,14,HUN,Hungary,4,Hungaroring,02:00:00,2025
1266,9928,Budapest,2025-08-03T13:00:00+00:00,2025-08-03T15:00:00+00:00,Race,Race,14,HUN,Hungary,4,Hungaroring,02:00:00,2025
1267,9913,Zandvoort,2025-08-29T10:30:00+00:00,2025-08-29T11:30:00+00:00,Practice,Practice 1,133,NED,Netherlands,55,Zandvoort,02:00:00,2025
1267,9914,Zandvoort,2025-08-29T14:00:00+00:00,2025-08-29T15:00:00+00:00,Practice,Practice 2,133,NED,Netherlands,55,Zandvoort,02:00:00,2025
1267,9915,Zandvoort,2025-08-30T09:30:00+00:00,2025-08-30T10:30:00+00:00,Practice,Practice 3,133,NED,Netherlands,55,Zandvoort,02:00:00,2025
1267,9916,Zandvoort,2025-08-30T13:00:00+00:00,2025-08-30T14:00:00+00:00,Qualifying,Qualifying,133,NED,Netherlands,55,Zandvoort,02:00:00,2025
1267,9920,Zandvoort,2025-08-31T13:00:00+00:00,2025-08-31T15:00:00+00:00,Race,Race,133,NED,Netherlands,55,Zandvoort,02:00:00,2025
1268,9905,Monza,2025-09-05T11:30:00+00:00,2025-09-05T12:30:00+00:00,Practice,Practice 1,13,ITA,Italy,39,Monza,02:00:00,2025
1268,9906,Monza,2025-09-05T15:00:00+00:00,2025-09-05T16:00:00+00:00,Practice,Practice 2,13,ITA,Italy,39,Monza,02:00:00,2025
1268,9907,Monza,2025-09-06T10:30:00+00:00,2025-09-06T11:30:00+00:00,Practice,Practice 3,13,ITA,Italy,39,Monza,02:00:00,2025
1268,9908,Monza,2025-09-06T14:00:00+00:00,2025-09-06T15:00:00+00:00,Qualifying,Qualifying,13,ITA,Italy,39,Monza,02:00:00,2025
1268,9912,Monza,2025-09-07T13:00:00+00:00,2025-09-07T15:00:00+00:00,Race,Race,13,ITA,Italy,39,Monza,02:00:00,2025
1269,9897,Baku,2025-09-19T08:30:00+00:00,2025-09-19T09:30:00+00:00,Practice,Practice 1,30,AZE,Azerbaijan,144,Baku,04:00:00,2025
1269,9898,Baku,2025-09-19T12:00:00+00:00,2025-09-19T13:00:00+00:00,Practice,Practice 2,30,AZE,Azerbaijan,144,Baku,04:00:00,2025
1269,9899,Baku,2025-09-20T08:30:00+00:00,2025-09-20T09:30:00+00:00,Practice,Practice 3,30,AZE,Azerbaijan,144,Baku,04:00:00,2025
1269,9900,Baku,2025-09-20T12:00:00+00:00,2025-09-20T13:00:00+00:00,Qualifying,Qualifying,30,AZE,Azerbaijan,144,Baku,04:00:00,2025
1269,9904,Baku,2025-09-21T11:00:00+00:00,2025-09-21T13:00:00+00:00,Race,Race,30,AZE,Azerbaijan,144,Baku,04:00:00,2025
1270,9889,Marina Bay,2025-10-03T09:30:00+00:00,2025-10-03T10:30:00+00:00,Practice,Practice 1,157,SGP,Singapore,61,Singapore,08:00:00,2025
1270,9890,Marina Bay,2025-10-03T13:00:00+00:00,2025-10-03T14:00:00+00:00,Practice,Practice 2,157,SGP,Singapore,61,Singapore,08:00:00,2025
1270,9891,Marina Bay,2025-10-04T09:30:00+00:00,2025-10-04T10:30:00+00:00,Practice,Practice 3,157,SGP,Singapore,61,Singapore,08:00:00,2025
1270,9892,Marina Bay,2025-10-04T13:00:00+00:00,2025-10-04T14:00:00+00:00,Qualifying,Qualifying,157,SGP,Singapore,61,Singapore,08:00:00,2025
1270,9896,Marina Bay,2025-10-05T12:00:00+00:00,2025-10-05T14:00:00+00:00,Race,Race,157,SGP,Singapore,61,Singapore,08:00:00,2025
1271,9878,Austin,2025-10-17T17:30:00+00:00,2025-10-17T18:30:00+00:00,Practice,Practice 1,19,USA,United States,9,Austin,-05:00:00,2025
1271,9879,Austin,2025-10-17T21:30:00+00:00,2025-10-17T22:14:00+00:00,Qualifying,Sprint Qualifying,19,USA,United States,9,Austin,-05:00:00,2025
1271,9883,Austin,2025-10-18T17:00:00+00:00,2025-10-18T18:00:00+00:00,Race,Sprint,19,USA,United States,9,Austin,-05:00:00,2025
1271,9884,Austin,2025-10-18T21:00:00+00:00,2025-10-18T22:00:00+00:00,Qualifying,Qualifying,19,USA,United States,9,Austin,-05:00:00,2025
1271,9888,Austin,2025-10-19T19:00:00+00:00,2025-10-19T21:00:00+00:00,Race,Race,19,USA,United States,9,Austin,-05:00:00,2025
1272,9870,Mexico City,2025-10-24T18:30:00+00:00,2025-10-24T19:30:00+00:00,Practice,Practice 1,8,MEX,Mexico,65,Mexico City,-06:00:00,2025
1272,9871,Mexico City,2025-10-24T22:00:00+00:00,2025-10-24T23:00:00+00:00,Practice,Practice 2,8,MEX,Mexico,65,Mexico City,-06:00:00,2025
1272,9872,Mexico City,2025-10-25T17:30:00+00:00,2025-10-25T18:30:00+00:00,Practice,Practice 3,8,MEX,Mexico,65,Mexico City,-06:00:00,2025
1272,9873,Mexico City,2025-10-25T21:00:00+00:00,2025-10-25T22:00:00+00:00,Qualifying,Qualifying,8,MEX,Mexico,65,Mexico City,-06:00:00,2025
1272,9877,Mexico City,2025-10-26T20:00:00+00:00,2025-10-26T22:00:00+00:00,Race,Race,8,MEX,Mexico,65,Mexico City,-06:00:00,2025
